{"cameraMode":{"drawMode":0,"name":"Shaded","section":"Shading Mode"},"sceneLighting":true,"audioPlay":false,"sceneViewState":{"showFog":true,"showMaterialUpdate":false,"showSkybox":true,"showFlares":true,"showImageEffects":true,"showParticleSystems":true},"in2DMode":false,"pivot":{"x":674.0794677734375,"y":268.7801208496094,"z":-17.95945167541504},"rotation":{"x":-0.10929512977600098,"y":0.2841778099536896,"z":-0.032626934349536899,"w":-0.9519627690315247},"size":386.0476379394531,"orthographic":true}