{"cameraMode":{"drawMode":0,"name":"Shaded","section":"Shading Mode"},"sceneLighting":false,"audioPlay":false,"sceneViewState":{"showFog":true,"showMaterialUpdate":false,"showSkybox":false,"showFlares":true,"showImageEffects":true,"showParticleSystems":true},"in2DMode":false,"pivot":{"x":0.0,"y":2.384185791015625e-7,"z":-2.384185791015625e-7},"rotation":{"x":-0.11077240854501724,"y":0.2827005386352539,"z":-0.032887041568756106,"w":-0.9522228837013245},"size":13.505833625793457,"orthographic":true}